user_id;name;fname;lname;email;phone_no;address;secondary_address;city;state;zip;country
1;DanielGottlieb;Daniel;Gottlieb;Daniel.Gottlieb60@bitsbooks.com;8063203335;238 Antonina Stream;;Jaimehaven;AK;36442;USA
2;CurtisSchuppe;Curtis;Schuppe;Curtis.Schuppe340@bitsbooks.com;7153239855;6836 Cummerata Spurs;;North Laurietown;NV;07554-3780;USA
3;BookerRowe;Booker;Rowe;Booker.Rowe124@bitsbooks.com;6075103884;3853 Will Roads;;Bernhardmouth;AZ;84478-5662;USA
4;ElwoodMarquardt;Elwood;Marquardt;Elwood.Marquardt807@bitsbooks.com;8164142899;5713 Jones Meadows;;O'Connerhaven;NH;11180;USA
5;MelindaHand;Melinda;Hand;Melinda.Hand398@bitsbooks.com;8587732682;8360 Nilsa Loaf;;Georgemouth;PA;68049;USA
6;JennieBernhard;Jennie;Bernhard;Jennie.Bernhard496@bitsbooks.com;8483165402;12015 Crist Causeway;;North Jake;MT;62953-5464;USA
7;AntoineRuecker;Antoine;Ruecker;Antoine.Ruecker25@bitsbooks.com;4129562369;60805 Marcellus Trafficway;;Kulashaven;AL;59510-1418;USA
8;WilburnKoelpin;Wilburn;Koelpin;Wilburn.Koelpin125@bitsbooks.com;2678643228;1003 Geraldo Plaza;;North Kris;AL;62972-4176;USA
9;TroyKirlin;Troy;Kirlin;Troy.Kirlin856@bitsbooks.com;5129758625;75599 Boyle Trafficway;;New Omershire;IL;78738;USA
10;ElliottHermiston;Elliott;Hermiston;Elliott.Hermiston697@bitsbooks.com;6012513765;86644 Anton Tunnel;;Joesphborough;SC;67558-6210;USA
11;KurtisHomenick;Kurtis;Homenick;Kurtis.Homenick516@yahoo.com;9708013393;38847 Dach Islands;;Port Tanika;OK;77478;USA
12;StefaniaDonnelly;Stefania;Donnelly;Stefania.Donnelly228@hotmail.com;8326171676;4458 Blanda Ports;;Kuhlmanburgh;AZ;08863;USA
13;HectorMonahan;Hector;Monahan;Hector.Monahan481@yahoo.com;9405058537;250 Carol Road;Apt. 537;Lake Bradfordport;IA;29675;USA
14;MckinleyGerlach;Mckinley;Gerlach;Mckinley.Gerlach138@hotmail.com;9314014767;443 Armstrong Glen;;Lake Krystinfort;OK;41088;USA
15;DwightZieme;Dwight;Zieme;Dwight.Zieme193@hotmail.com;7639089394;5363 Bergstrom Mountain;;Earlemouth;KS;53926-1758;USA
16;JonathonZboncak;Jonathon;Zboncak;Jonathon.Zboncak545@gmail.com;2138053929;42953 Foster Stream;Apt. 507;Streichton;AK;12573-5853;USA
17;AliaPagac;Alia;Pagac;Alia.Pagac431@yahoo.com;5032153895;9133 Halvorson Trace;;South Chadwick;ND;63997-2029;USA
18;DennyTrantow;Denny;Trantow;Denny.Trantow951@hotmail.com;8176172171;267 Armstrong Locks;;Hahnside;CA;52725-6795;USA
19;AnibalWatsica;Anibal;Watsica;Anibal.Watsica806@gmail.com;3606057701;50327 Terry Terrace;;West Charlesview;CO;09731;USA
20;CarlPredovic;Carl;Predovic;Carl.Predovic767@hotmail.com;4794015181;4772 Robin Road;;North Guadalupeberg;OK;39992-7057;USA
21;SamKoss;Sam;Koss;Sam.Koss373@gmail.com;2092313023;357 Hettinger Stream;;West Earline;CO;94605-2389;USA
22;WileyMohr;Wiley;Mohr;Wiley.Mohr393@hotmail.com;8435610959;587 Hackett View;;Port Ronnie;KS;23917;USA
23;KennithKirlin;Kennith;Kirlin;Kennith.Kirlin98@hotmail.com;7126067260;873 Necole Plains;;South Zacharyport;AK;77228-3683;USA
24;JacksonBernier;Jackson;Bernier;Jackson.Bernier339@yahoo.com;4195019535;6866 Aundrea Plain;;Kelvinshire;NH;97868;USA
25;OrenFay;Oren;Fay;Oren.Fay988@hotmail.com;9418504981;1295 Fadel Pine;;South Christoperbury;GA;07035-2750;USA
26;AlexisBlanda;Alexis;Blanda;Alexis.Blanda29@gmail.com;8049097209;30859 William Roads;;Lake Zackary;WY;59460;USA
27;AudrieRunolfsdottir;Audrie;Runolfsdottir;Audrie.Runolfsdottir20@yahoo.com;6038704980;407 Zena Garden;;New Thaddeusberg;MN;71479-4748;USA
28;LeighStanton;Leigh;Stanton;Leigh.Stanton836@gmail.com;7185736376;5931 Jenette Tunnel;;East Sandyville;OH;50131-7101;USA
29;RoyalLegros;Royal;Legros;Royal.Legros774@hotmail.com;6305599464;2603 Jenkins Green;;West Loreeport;ID;96706;USA
30;LingDaniel;Ling;Daniel;Ling.Daniel160@gmail.com;5412131731;888 Damien Crest;Suite 361;North Jewel;NC;93353;USA
31;JamalCummings;Jamal;Cummings;Jamal.Cummings707@hotmail.com;2622343981;4472 Reynolds Terrace;;Jacobiton;SD;07174-1257;USA
32;RenatoPadberg;Renato;Padberg;Renato.Padberg90@hotmail.com;9852026632;1620 Olson Plaza;Suite 284;Bartonport;VA;53193;USA
33;LemuelReilly;Lemuel;Reilly;Lemuel.Reilly893@hotmail.com;2162817623;72684 Wilderman Ranch;;East Halley;SD;15260;USA
34;NichelleDooley;Nichelle;Dooley;Nichelle.Dooley583@yahoo.com;2549089302;10174 Myles Circle;;North Rockyfort;CT;48855-0375;USA
35;AprylWeimann;Apryl;Weimann;Apryl.Weimann114@yahoo.com;9206062708;8891 Leannon Radial;;South Myron;MT;59873-6609;USA
36;BrainMoen;Brain;Moen;Brain.Moen553@yahoo.com;6617573989;81911 Edward Causeway;;Waylonfort;AL;31760-6633;USA
37;VincentSporer;Vincent;Sporer;Vincent.Sporer905@hotmail.com;3073523546;8145 Angeline Burg;;Lake Hanna;NV;73735-7830;USA
38;IsaiasTreutel;Isaias;Treutel;Isaias.Treutel167@gmail.com;7063398906;95805 Lourie Estates;;Lake Garfieldshire;MD;06222;USA
39;NettieCarroll;Nettie;Carroll;Nettie.Carroll55@yahoo.com;9048053301;50107 Lynda Rapid;;South Yukhaven;KY;40434;USA
40;DemetriusAufderhar;Demetrius;Aufderhar;Demetrius.Aufderhar533@yahoo.com;4248473903;303 Elvis Manors;;South Blakefurt;CO;64193;USA
41;ReinaAufderhar;Reina;Aufderhar;Reina.Aufderhar173@gmail.com;4342623582;739 Machelle Branch;;South Kylieberg;NE;40848;USA
42;MaganRussel;Magan;Russel;Magan.Russel867@gmail.com;4846517979;3263 Janay Meadows;;Lake Erichshire;LA;38958;USA
43;FrancisLuettgen;Francis;Luettgen;Francis.Luettgen417@hotmail.com;2249497167;98257 Joey Lights;;Legrosville;MS;59650-1704;USA
44;MarvisStrosin;Marvis;Strosin;Marvis.Strosin821@gmail.com;6513204329;990 Cronin Turnpike;Apt. 251;Port Dana;CO;33153-9028;USA
45;RuebenMarquardt;Rueben;Marquardt;Rueben.Marquardt169@hotmail.com;9164755621;715 Hyatt Club;;Lake Lindsey;LA;11251-9328;USA
46;ArtGutmann;Art;Gutmann;Art.Gutmann301@yahoo.com;4044458642;24070 Debra Hollow;;Lebsackberg;VT;23141-7469;USA
47;CesarSwift;Cesar;Swift;Cesar.Swift634@hotmail.com;4236361227;381 Okuneva Run;;East Simon;TN;94015-8781;USA
48;OrvalSchultz;Orval;Schultz;Orval.Schultz888@yahoo.com;4806418014;41154 O'Conner Tunnel;;East Cedrickburgh;MD;63005;USA
49;JaniceBradtke;Janice;Bradtke;Janice.Bradtke31@gmail.com;6016785369;89326 Douglas Pines;;East Markhaven;RI;07657-3151;USA
50;NellyHeathcote;Nelly;Heathcote;Nelly.Heathcote330@yahoo.com;9892256051;37772 Baumbach Ridge;;Rubenfurt;SD;73877;USA
51;JayneJohns;Jayne;Johns;Jayne.Johns35@yahoo.com;9152065374;9206 Maragret Burgs;;New Mattville;NY;67750-5124;USA
52;JaynaLuettgen;Jayna;Luettgen;Jayna.Luettgen389@gmail.com;6058629555;479 Schulist Mall;;Port Laelville;UT;13064-5727;USA
53;TasiaParisian;Tasia;Parisian;Tasia.Parisian257@yahoo.com;2162270169;8119 Wisozk Cove;;North Galeville;NC;84707-9812;USA
54;BenitoLittel;Benito;Littel;Benito.Littel969@yahoo.com;5628476298;840 Albertine Run;;North Tu;AR;21713;USA
55;DiegoReynolds;Diego;Reynolds;Diego.Reynolds419@yahoo.com;3514691127;9291 Gala Walk;;North Aleta;AL;28158-6962;USA
56;ChrisWhite;Chris;White;Chris.White441@hotmail.com;7022345016;267 Wintheiser Mountains;;Howeville;MS;24227-8270;USA
57;TaneshaTromp;Tanesha;Tromp;Tanesha.Tromp372@gmail.com;2344234252;9558 Cyrus Street;;North Jenifer;ND;72647;USA
58;JeromeJacobs;Jerome;Jacobs;Jerome.Jacobs487@gmail.com;3105674109;995 Alfredo Trafficway;;South Ben;CA;18791-9511;USA
59;GlenUpton;Glen;Upton;Glen.Upton144@hotmail.com;3372810734;44615 Crist Greens;;Port Claud;WV;00386-3419;USA
60;EthelynDuBuque;Ethelyn;DuBuque;Ethelyn.DuBuque21@hotmail.com;5636108221;7195 Margo Crossroad;;Fisherchester;IL;02490;USA
61;VivienneSpinka;Vivienne;Spinka;Vivienne.Spinka341@yahoo.com;7702248303;32344 Claribel Glen;;Reikoburgh;MS;11698;USA
62;ErmaOkuneva;Erma;Okuneva;Erma.Okuneva123@hotmail.com;7404258305;9171 Swaniawski Heights;;Koelpinfort;MT;62242-5470;USA
63;GilHickle;Gil;Hickle;Gil.Hickle411@gmail.com;3052081524;83748 Lebsack Point;;Emeryview;NM;15897-6664;USA
64;ShaGlover;Sha;Glover;Sha.Glover603@gmail.com;4142524813;5402 Oberbrunner Underpass;;Prohaskachester;MT;58972;USA
65;SharikaHeaney;Sharika;Heaney;Sharika.Heaney906@yahoo.com;9102057824;7977 Maria Village;;Edmundoville;KY;43595-1610;USA
66;KimiWillms;Kimi;Willms;Kimi.Willms79@gmail.com;4698569134;34058 Mitch Freeway;;Allenechester;TX;38765-0724;USA
67;WandaBeahan;Wanda;Beahan;Wanda.Beahan504@gmail.com;5594245059;413 Thurman Views;;North Adalbertostad;NE;20662-9944;USA
68;CatheyHyatt;Cathey;Hyatt;Cathey.Hyatt389@yahoo.com;3306361479;99877 Rowe Highway;;South Kenethtown;CO;05991;USA
69;ZinaWillms;Zina;Willms;Zina.Willms989@gmail.com;5736054794;24753 Lucio Parkway;;Annaborough;HI;71204;USA
70;ThaoLeuschke;Thao;Leuschke;Thao.Leuschke676@yahoo.com;5176301481;32816 Schowalter Ramp;;Port Kaley;KS;82568-0859;USA
71;LondaParker;Londa;Parker;Londa.Parker619@hotmail.com;3037136128;3386 Tammie River;;Rodrickchester;VA;79966-8561;USA
72;DaleneHackett;Dalene;Hackett;Dalene.Hackett588@gmail.com;2312177083;190 Cormier Club;;Glenville;GA;94444-5479;USA
73;CourtneyTillman;Courtney;Tillman;Courtney.Tillman998@hotmail.com;3185124630;7085 Nienow Parkway;;Lake Granvilleburgh;NM;69370;USA
74;MarylandRuecker;Maryland;Ruecker;Maryland.Ruecker819@gmail.com;9194781181;63188 Casandra Pines;;Lake Warren;CT;67865;USA
75;IsauraWolff;Isaura;Wolff;Isaura.Wolff151@yahoo.com;5809598753;22298 Chauncey Freeway;;Morristown;WI;09336;USA
76;EvelyneWillms;Evelyne;Willms;Evelyne.Willms265@hotmail.com;5039560564;231 Russel Pine;;New Sumikoton;TX;99605-0584;USA
77;TreenaPadberg;Treena;Padberg;Treena.Padberg535@yahoo.com;7602288348;8405 Shirlene Squares;Suite 460;Maryannaburgh;CT;35797;USA
78;JerrySchmeler;Jerry;Schmeler;Jerry.Schmeler777@hotmail.com;4084043514;9383 Frami Cape;;Paulinatown;VT;27430-8105;USA
79;MaxwellSpinka;Maxwell;Spinka;Maxwell.Spinka612@hotmail.com;3616624056;40538 Nevada Shore;;Mayerchester;NV;81066;USA
80;JenifferMcKenzie;Jeniffer;McKenzie;Jeniffer.McKenzie969@hotmail.com;5206789969;3763 Graham Stravenue;;Strackeberg;CO;73876-2690;USA
81;JeffryProsacco;Jeffry;Prosacco;Jeffry.Prosacco762@hotmail.com;2132163388;3967 Wiza Pine;;Batzborough;NY;10199-5934;USA
82;MargitBlanda;Margit;Blanda;Margit.Blanda831@hotmail.com;7326018042;550 Buckridge Isle;;New Angel;NH;86385-4179;USA
83;DelJohnston;Del;Johnston;Del.Johnston196@yahoo.com;2106411521;49553 Lorretta Harbors;Suite 591;West Kendall;UT;84752;USA
84;CleotildeCollins;Cleotilde;Collins;Cleotilde.Collins820@gmail.com;6142542837;92457 Stoltenberg Fords;;West Jessville;UT;54753-0221;USA
85;LeeSchroeder;Lee;Schroeder;Lee.Schroeder860@gmail.com;9035407006;4178 Leticia Ramp;;West Brandyborough;WY;06489-8009;USA
86;DariaZulauf;Daria;Zulauf;Daria.Zulauf979@hotmail.com;4015628756;441 Schmitt Corner;;West Linwood;LA;24720-7635;USA
87;AdelaideRoberts;Adelaide;Roberts;Adelaide.Roberts829@yahoo.com;9139700082;81458 Nicky Flats;Apt. 999;Port Danutaberg;MN;53578-3142;USA
88;LeiaBoyle;Leia;Boyle;Leia.Boyle748@yahoo.com;3602102857;7709 Carmen Lake;;Lake Foster;MA;65642;USA
89;ShirlyJohns;Shirly;Johns;Shirly.Johns78@hotmail.com;8069523991;55458 Gusikowski Pike;;East Marianoshire;ND;57957-7906;USA
90;BroderickGibson;Broderick;Gibson;Broderick.Gibson723@gmail.com;2162127102;153 Jakubowski Extension;Suite 820;Rosiaborough;KY;49594-0800;USA
91;DorothaSwift;Dorotha;Swift;Dorotha.Swift165@gmail.com;7142812830;452 Abbott Plains;;South Randal;CO;53469-0941;USA
92;JohnieRoob;Johnie;Roob;Johnie.Roob541@gmail.com;4022830804;377 Dannie Springs;;South Royalborough;IA;20034;USA
93;ShannonGreenfelder;Shannon;Greenfelder;Shannon.Greenfelder291@gmail.com;4044238847;8655 Larson Manors;;Lake Stormyburgh;OH;60108-8277;USA
94;JoanneFadel;Joanne;Fadel;Joanne.Fadel414@hotmail.com;5078133848;558 German Mountain;;West Clintonfurt;HI;27694;USA
95;AllenRodriguez;Allen;Rodriguez;Allen.Rodriguez557@gmail.com;5099043524;39516 Watsica Square;;Lake Vidastad;CT;46680-2522;USA
96;HollySchmidt;Holly;Schmidt;Holly.Schmidt671@gmail.com;7725625463;1268 Herschel Estate;;Lake Harrisonmouth;HI;17823;USA
97;JohannaWaters;Johanna;Waters;Johanna.Waters3@hotmail.com;5125109346;571 Tromp Stream;;Kleinton;MI;13676;USA
98;TeresiaFeest;Teresia;Feest;Teresia.Feest677@hotmail.com;3152036958;1982 Fisher Village;;Batzborough;UT;55749-1851;USA
99;AlParisian;Al;Parisian;Al.Parisian390@hotmail.com;2023395661;27315 Kling Rest;;Botsfordshire;MN;10319;USA
100;JoelSmitham;Joel;Smitham;Joel.Smitham248@gmail.com;6109013823;66397 Lubowitz Drive;Apt. 854;New Everett;NC;05858;USA
101;DonteSenger;Donte;Senger;Donte.Senger611@yahoo.com;2766145313;58356 Marks Rapid;Apt. 399;New Nevilleberg;TX;73096;USA
102;DerekRutherford;Derek;Rutherford;Derek.Rutherford255@gmail.com;2089477895;892 Koelpin Manors;;Greenholtstad;CO;20140;USA
103;RosanneHowell;Rosanne;Howell;Rosanne.Howell777@yahoo.com;9318055045;17149 Torri Ports;;Port Ross;KS;89491-4883;USA
104;MadelynHowell;Madelyn;Howell;Madelyn.Howell125@gmail.com;9148301138;8743 Mosciski Lane;;Willenaburgh;MT;13919;USA
105;KeenaMarvin;Keena;Marvin;Keena.Marvin45@gmail.com;5675808544;59675 Hudson Village;;Deckowtown;VA;00264-6978;USA
106;AliciaKuhic;Alicia;Kuhic;Alicia.Kuhic781@hotmail.com;8307855920;95974 Kihn Bypass;;Bartellmouth;UT;24663;USA
107;NevilleJacobi;Neville;Jacobi;Neville.Jacobi653@hotmail.com;2486364793;6462 O'Hara Gardens;;Lake Carleyberg;NV;84871;USA
108;LavadaCartwright;Lavada;Cartwright;Lavada.Cartwright481@hotmail.com;9722697169;534 Yost Village;;Kuhicburgh;MI;02276;USA
109;WillyKautzer;Willy;Kautzer;Willy.Kautzer52@yahoo.com;3128307827;5780 Nolan Trafficway;;Lake Nichelle;CT;07260;USA
110;RicardoJaskolski;Ricardo;Jaskolski;Ricardo.Jaskolski362@hotmail.com;7086622326;4726 Ferry Neck;;South Deanemouth;IN;62255;USA
