user_id;name;fname;lname;email;phone_no;address;secondary_address;city;state;zip;country
1;AaronDicki;Aaron;Dicki;Aaron.Dicki630@bitsbooks.com;2109416649;251 Ismael Terrace;;West Georgetta;IL;44167-1098;USA
2;ChristeenOkuneva;Christeen;Okuneva;Christeen.Okuneva235@bitsbooks.com;7037400162;70310 Marry Circles;;New Fidelhaven;LA;84038-6942;USA
3;WileyCremin;Wiley;Cremin;Wiley.Cremin972@bitsbooks.com;7409897910;3088 Madelaine Cliff;;East Andres;RI;04640;USA
4;RoxaneConn;Roxane;Conn;Roxane.Conn202@bitsbooks.com;3097011953;267 Sigrid Via;;East Dorimouth;ND;27623-6318;USA
5;DanaeProsacco;Danae;Prosacco;Danae.Prosacco357@bitsbooks.com;5629132734;1691 Weimann Stream;;Nobletown;VT;77945-2101;USA
6;TylerSporer;Tyler;Sporer;Tyler.Sporer818@bitsbooks.com;9728149486;92020 Koss Trail;;Port Elishaburgh;MI;46540-7337;USA
7;BlakeToy;Blake;Toy;Blake.Toy210@bitsbooks.com;7328106912;282 Rath Avenue;;Port Gordon;AR;61399-3153;USA
8;TyronLangworth;Tyron;Langworth;Tyron.Langworth7@bitsbooks.com;6085086505;79271 Jerald Parks;;Lenitaville;TX;20693-2965;USA
9;IsabelleKing;Isabelle;King;Isabelle.King820@bitsbooks.com;2027182577;869 Art Fall;;Hoegerfurt;VT;45608;USA
10;BenHeaney;Ben;Heaney;Ben.Heaney735@bitsbooks.com;5803177887;87772 Porfirio Bypass;;West Felixton;OK;54226;USA
11;AltagraciaLuettgen;Altagracia;Luettgen;Altagracia.Luettgen892@gmail.com;7579285046;5919 Mayert Crescent;;North Armandobury;IA;00651;USA
12;ChereMedhurst;Chere;Medhurst;Chere.Medhurst911@hotmail.com;8137345843;823 Lelah Branch;;Port Clarencestad;WV;41921;USA
13;DarwinArmstrong;Darwin;Armstrong;Darwin.Armstrong447@gmail.com;2093613145;592 Hermann Alley;;West Hildegardeberg;OR;75205-6260;USA
14;RicardoEmard;Ricardo;Emard;Ricardo.Emard298@gmail.com;3052392340;4121 Aleen Plains;;Lake Temikamouth;AR;69962-9494;USA
15;RickieMcKenzie;Rickie;McKenzie;Rickie.McKenzie482@yahoo.com;2289203671;3415 Veum Well;;O'Keefeside;MD;07562;USA
16;ElzaRussel;Elza;Russel;Elza.Russel672@hotmail.com;2182283040;539 O'Kon Lights;;Jerdeborough;PA;52993;USA
17;TerranceVon;Terrance;Von;Terrance.Von969@gmail.com;7089711439;74234 Goodwin Lakes;;New Erich;HI;28593;USA
18;TraceyZiemann;Tracey;Ziemann;Tracey.Ziemann920@gmail.com;7172275084;5099 Eve Roads;;Ricardostad;ME;05233-7947;USA
19;ShenaZieme;Shena;Zieme;Shena.Zieme725@yahoo.com;5708180854;9646 Kohler Ports;;Diedreberg;KY;21573-9429;USA
20;IanUllrich;Ian;Ullrich;Ian.Ullrich664@yahoo.com;5517606498;990 Paige Plaza;;Yukikoburgh;VT;43364;USA
21;JoanTremblay;Joan;Tremblay;Joan.Tremblay146@yahoo.com;8487209941;15087 Georgine Expressway;;Roweside;GA;70077;USA
22;SpringBaumbach;Spring;Baumbach;Spring.Baumbach743@yahoo.com;2136822700;593 Hayden Throughway;;Stokesport;SD;71940-2854;USA
23;ChaseLynch;Chase;Lynch;Chase.Lynch330@yahoo.com;8062095832;892 Sharon Stream;;Port Mikelfort;IA;85243-0421;USA
24;SherrellGoodwin;Sherrell;Goodwin;Sherrell.Goodwin56@hotmail.com;4352177379;700 Jones Lane;;Port Edgarton;KY;23214-5355;USA
25;LiliaRomaguera;Lilia;Romaguera;Lilia.Romaguera649@gmail.com;6192549327;7772 Wisoky Roads;;Wendolynburgh;ND;61319;USA
26;KathyrnFrami;Kathyrn;Frami;Kathyrn.Frami315@gmail.com;8162690657;86071 Keebler Shore;;Terrymouth;TX;55419;USA
27;HuldaBlock;Hulda;Block;Hulda.Block939@hotmail.com;5678590119;515 Sol Cape;;New Teodora;MN;10748-8354;USA
28;ShayneLesch;Shayne;Lesch;Shayne.Lesch94@yahoo.com;6308508498;485 Kreiger Vista;;South Albertbury;LA;58989;USA
29;SanfordVandervort;Sanford;Vandervort;Sanford.Vandervort289@yahoo.com;6158639337;6724 O'Keefe Village;;East Ignacioborough;TN;28948;USA
30;ClementineMann;Clementine;Mann;Clementine.Mann221@hotmail.com;7166071197;79140 Koelpin Port;Suite 508;Trompmouth;RI;02695-2140;USA
31;JaneKassulke;Jane;Kassulke;Jane.Kassulke176@gmail.com;7608654230;2827 Marvin Wells;;Keenanbury;TN;31663-0731;USA
32;DarrickKris;Darrick;Kris;Darrick.Kris136@gmail.com;7812025735;3668 Oberbrunner Court;;Boganberg;MN;04509;USA
33;MarcieStoltenberg;Marcie;Stoltenberg;Marcie.Stoltenberg965@yahoo.com;8598607623;8615 Cartwright Tunnel;;Lake Milford;WY;17984-9926;USA
34;MagdaleneHirthe;Magdalene;Hirthe;Magdalene.Hirthe786@yahoo.com;2407657304;87528 Cherryl Orchard;;West Gerry;MI;55574;USA
35;BrandyWatsica;Brandy;Watsica;Brandy.Watsica824@hotmail.com;4358581590;33432 Feeney Ranch;;Glennisberg;WV;69784-8570;USA
36;JuliusChristiansen;Julius;Christiansen;Julius.Christiansen594@gmail.com;2013157259;116 Roberts Pines;;North Frederic;KS;59597;USA
37;LarondaKlein;Laronda;Klein;Laronda.Klein594@gmail.com;6618457728;8712 Beier Plaza;;Schadenfort;MA;89325;USA
38;LorenzoLuettgen;Lorenzo;Luettgen;Lorenzo.Luettgen736@gmail.com;5013237541;976 Von Parkways;;Port Lazaro;NH;07053;USA
39;KirkGreenholt;Kirk;Greenholt;Kirk.Greenholt445@yahoo.com;8706061311;34696 Domenica Route;;Merlechester;DE;15597;USA
40;DinahKessler;Dinah;Kessler;Dinah.Kessler652@hotmail.com;2535155651;56324 Wilber Flats;;Turcottefort;NM;73689;USA
41;SimonaMarquardt;Simona;Marquardt;Simona.Marquardt203@hotmail.com;3613097798;426 Al Square;;East Donnell;MI;35352-1831;USA
42;LakitaFadel;Lakita;Fadel;Lakita.Fadel63@yahoo.com;9717744084;5175 Andre Manor;;Lake Toryview;NH;24638;USA
43;CarolaBecker;Carola;Becker;Carola.Becker54@gmail.com;2146073021;30069 Nigel Lock;;Greenville;LA;18166-5052;USA
44;LongKautzer;Long;Kautzer;Long.Kautzer903@yahoo.com;9079722898;66593 Everett Oval;;East Sherman;MI;68456;USA
45;BreanaHirthe;Breana;Hirthe;Breana.Hirthe469@yahoo.com;8433132037;4344 Elli Overpass;;New Malcomberg;AZ;02589;USA
46;LaverneGutmann;Laverne;Gutmann;Laverne.Gutmann880@yahoo.com;3084056109;603 Weissnat Flats;;North Joesphburgh;NY;14400-6406;USA
47;TonieBrakus;Tonie;Brakus;Tonie.Brakus998@gmail.com;6176199838;38161 Alice Highway;;Bahringerberg;NH;91229-8157;USA
48;SidKutch;Sid;Kutch;Sid.Kutch789@hotmail.com;8325673196;87759 Keebler Flats;;Sengerberg;CA;99908;USA
49;MarcelWindler;Marcel;Windler;Marcel.Windler566@gmail.com;9893134573;36570 Hills Harbor;;Lake Selena;AZ;81152;USA
50;FrancescoO'Conner;Francesco;O'Conner;Francesco.O'Conner449@yahoo.com;6064238782;4210 Mohr Gateway;Apt. 752;Lake Andrewberg;AZ;74976-3338;USA
51;AlizaFranecki;Aliza;Franecki;Aliza.Franecki403@gmail.com;9789734010;16667 Carissa Tunnel;;South Amira;ND;23104-4153;USA
52;KacieWitting;Kacie;Witting;Kacie.Witting111@hotmail.com;8036416464;9684 Jerald Canyon;;Johnaport;NM;40873;USA
53;DewayneOrtiz;Dewayne;Ortiz;Dewayne.Ortiz878@yahoo.com;6467571747;84506 Jesusa Island;;East Brant;NC;60328-5911;USA
54;GerardHudson;Gerard;Hudson;Gerard.Hudson204@yahoo.com;2603202094;439 Almeda Isle;Apt. 849;North Willy;UT;56512;USA
55;ClemenciaSmith;Clemencia;Smith;Clemencia.Smith952@yahoo.com;7818471920;1821 Smith Terrace;;Sashaland;MN;20441;USA
56;JanArmstrong;Jan;Armstrong;Jan.Armstrong532@yahoo.com;9137341887;45804 Tasha Inlet;;Corkeryburgh;NY;37509;USA
57;EliseoKlocko;Eliseo;Klocko;Eliseo.Klocko94@hotmail.com;5862315498;456 Torri Brooks;;North Dean;OH;17876;USA
58;AnnitaZulauf;Annita;Zulauf;Annita.Zulauf413@hotmail.com;4082768948;982 Nohemi Parkway;;Bergstromborough;WV;98438;USA
59;JamesWalker;James;Walker;James.Walker796@yahoo.com;4806031252;1909 Vinita Falls;;Alexanderview;GA;57698;USA
60;BennettFadel;Bennett;Fadel;Bennett.Fadel687@gmail.com;7329072151;15773 Crystle Prairie;;Nenitashire;RI;02530-6389;USA
61;LaveraBartell;Lavera;Bartell;Lavera.Bartell567@hotmail.com;6053057883;1455 Klocko Path;;Venuschester;WV;00915-5105;USA
62;ManBernhard;Man;Bernhard;Man.Bernhard828@hotmail.com;5635202199;87174 Lisette Points;;Valentinborough;OR;41696;USA
63;JosiahKreiger;Josiah;Kreiger;Josiah.Kreiger918@gmail.com;6615712037;5924 Sierra Wells;;West Douglas;AK;35898-2273;USA
64;DorseyLesch;Dorsey;Lesch;Dorsey.Lesch158@yahoo.com;6364254145;387 Zboncak Ridge;;South Dellshire;WA;32464;USA
65;OsvaldoKemmer;Osvaldo;Kemmer;Osvaldo.Kemmer643@hotmail.com;8045714064;4315 Wehner Drive;;McGlynnton;KY;84064-5566;USA
66;VictorGreenholt;Victor;Greenholt;Victor.Greenholt59@hotmail.com;2192398857;754 Schaden Road;;North Thadburgh;MI;96433;USA
67;AntonioBotsford;Antonio;Botsford;Antonio.Botsford799@gmail.com;2316153554;41284 Raina Squares;;Pansymouth;GA;30972;USA
68;ElbaDouglas;Elba;Douglas;Elba.Douglas245@gmail.com;2018504053;563 Satterfield Village;Suite 864;South Ludivinaland;FL;83802-9366;USA
69;AddieBayer;Addie;Bayer;Addie.Bayer744@gmail.com;6262674690;56957 Kristopher Crossroad;;Myungmouth;PA;10200;USA
70;CleoReilly;Cleo;Reilly;Cleo.Reilly590@gmail.com;3197024490;9761 Robel Vista;;Seanmouth;KS;19941;USA
71;EmoryWolff;Emory;Wolff;Emory.Wolff290@yahoo.com;4783163060;5219 Emmerich Knoll;;Toyton;OR;12560-3966;USA
72;RussO'Conner;Russ;O'Conner;Russ.O'Conner923@yahoo.com;9033135841;4699 Monte Streets;;Orvalchester;TN;03834-3845;USA
73;HenryDoyle;Henry;Doyle;Henry.Doyle835@gmail.com;2767741319;127 Bechtelar Plain;;West Jean;MT;62386-5730;USA
74;SheryllGutmann;Sheryll;Gutmann;Sheryll.Gutmann96@hotmail.com;4785629017;37244 Wes Springs;;Croninland;HI;62802;USA
75;VaughnSawayn;Vaughn;Sawayn;Vaughn.Sawayn57@hotmail.com;9707146124;896 Gilbert Skyway;;Mollymouth;AL;36022;USA
76;TonyNikolaus;Tony;Nikolaus;Tony.Nikolaus469@gmail.com;2627344728;622 Teodoro Tunnel;;Port Pastyview;KS;43041;USA
77;LoraLang;Lora;Lang;Lora.Lang311@yahoo.com;2406412206;501 Ricardo Harbors;Suite 329;East Rayfordtown;SD;12395-3832;USA
78;EthanBosco;Ethan;Bosco;Ethan.Bosco584@yahoo.com;8054349053;487 Rosalyn Flats;Apt. 992;Lashaunmouth;UT;46922;USA
79;HassanBoehm;Hassan;Boehm;Hassan.Boehm297@yahoo.com;4436087768;2720 Ratke Park;;Deangelomouth;ON;68497-7712;CAN
80;JerroldKulas;Jerrold;Kulas;Jerrold.Kulas629@yahoo.com;6202147152;380 Howard Ferry;;West Wilhelmina;MD;24168-0768;USA
81;VickiRippin;Vicki;Rippin;Vicki.Rippin888@yahoo.com;2483201794;2589 Batz Squares;;Taylorside;MD;09080-0479;USA
82;LloydSwaniawski;Lloyd;Swaniawski;Lloyd.Swaniawski509@gmail.com;2014068355;5011 Darin Green;;Lamarbury;UT;44234-6996;USA
83;FloreneSchultz;Florene;Schultz;Florene.Schultz633@hotmail.com;7122483261;4852 Connelly Rest;Apt. 956;North Glenchester;CA;02714-1945;USA
84;TatianaRutherford;Tatiana;Rutherford;Tatiana.Rutherford50@yahoo.com;7867540439;221 Lang Point;;Miloview;NJ;95679-3892;USA
85;ShantelHills;Shantel;Hills;Shantel.Hills796@yahoo.com;3234093445;26819 Gutkowski Stream;Suite 401;Cartwrightview;LA;40543;USA
86;CiraStehr;Cira;Stehr;Cira.Stehr775@gmail.com;4109700206;9127 Roderick Point;;Volkmanburgh;CT;11245-5056;USA
87;BurtCorkery;Burt;Corkery;Burt.Corkery994@yahoo.com;9475128446;6095 Doyle Club;;Thomasstad;CT;37818-0322;USA
88;AlleneWisozk;Allene;Wisozk;Allene.Wisozk234@gmail.com;7243349028;58340 Abshire Pass;;Vinastad;WA;50635;USA
89;StepanieDurgan;Stepanie;Durgan;Stepanie.Durgan415@hotmail.com;4063345790;37029 Bogan Ford;;Boganshire;HI;90406-2361;USA
90;EleonoraCarroll;Eleonora;Carroll;Eleonora.Carroll139@gmail.com;3394434837;5452 Bo Port;;Rosenbaumview;WA;28204-7353;USA
91;CalvinGlover;Calvin;Glover;Calvin.Glover50@gmail.com;4097318339;307 Karima Causeway;;New Henrietta;TX;42086;USA
92;DawnDietrich;Dawn;Dietrich;Dawn.Dietrich215@hotmail.com;2096174583;31399 Retta Locks;;North Darrin;PA;44050;USA
93;ErvinPacocha;Ervin;Pacocha;Ervin.Pacocha600@hotmail.com;9203178444;236 Hsiu Isle;;West Cristopherfurt;NJ;98669-7450;USA
94;DalenePacocha;Dalene;Pacocha;Dalene.Pacocha91@yahoo.com;3102094328;296 Hammes Ports;;Deanland;UT;56074-4674;USA
95;LeonCole;Leon;Cole;Leon.Cole366@gmail.com;3179892285;9179 Reichert Ford;Apt. 916;Goldnerport;NM;02909-5555;USA
96;DarbyBrakus;Darby;Brakus;Darby.Brakus883@hotmail.com;4138328160;34457 Lockman Mountains;;Colemanmouth;AK;91727-5039;USA
97;ClintonChamplin;Clinton;Champlin;Clinton.Champlin443@yahoo.com;8508027401;21007 Hickle Groves;;Diaberg;PA;29126-9761;USA
98;EarleRutherford;Earle;Rutherford;Earle.Rutherford27@gmail.com;4258123638;111 Moises Tunnel;;East Rudolfville;PA;78349;USA
99;LynnUllrich;Lynn;Ullrich;Lynn.Ullrich26@hotmail.com;4175030380;63566 Gulgowski Centers;;Wittingville;NE;04247-8086;USA
100;TanishaHermiston;Tanisha;Hermiston;Tanisha.Hermiston100@yahoo.com;6502039781;442 Bahringer Crossing;;Kuphalberg;IN;44185-9927;USA
101;LetaLesch;Leta;Lesch;Leta.Lesch548@yahoo.com;2082158616;9745 Alina Crest;;Kipton;OK;68880-4965;USA
102;BradyHowe;Brady;Howe;Brady.Howe744@gmail.com;4808729452;16816 Mills Ports;Apt. 711;East Mernaton;VT;43015-4270;USA
103;AugustusBergnaum;Augustus;Bergnaum;Augustus.Bergnaum749@hotmail.com;7653014605;33644 Lino Ville;;Juliantown;SC;00926;USA
104;WestonMoore;Weston;Moore;Weston.Moore749@gmail.com;7345518309;830 Cara Station;;West Nathan;OR;64351;USA
105;AudreyKing;Audrey;King;Audrey.King699@gmail.com;8287030818;294 Darren Loaf;;New Codystad;IL;44241-7535;USA
106;JarvisRunolfsdottir;Jarvis;Runolfsdottir;Jarvis.Runolfsdottir799@yahoo.com;5048025677;8178 Rosalba Oval;;New Dannieton;CA;62162-9872;USA
107;LaurenaLind;Laurena;Lind;Laurena.Lind857@yahoo.com;8643173210;571 O'Conner Expressway;;New Tyesha;NV;19986-0535;USA
108;BrandenWeimann;Branden;Weimann;Branden.Weimann519@gmail.com;5074353686;3206 Delphine Plains;;West Solangeville;UT;75619;USA
109;ArnetteWhite;Arnette;White;Arnette.White382@yahoo.com;9072026799;98962 Winfred Shores;;Boehmchester;FL;44347;USA
110;FreddieSanford;Freddie;Sanford;Freddie.Sanford922@hotmail.com;6169722238;1546 Vita Mission;;Denyseton;RI;58574;USA
