1;JaimeReynolds;Jaime;Reynolds;Jaime.Reynolds939@bitsbooks.com;4178055831;1091 Francisco Parkways;;Lake Claudchester;HI;30851;USA
2;MarilouMayert;Marilou;Mayert;Marilou.Mayert497@bitsbooks.com;5852160760;639 Elisha Stravenue;;Gerholdfort;NH;39275;USA
3;DonnaZboncak;Donna;Zboncak;Donna.Zboncak617@bitsbooks.com;5707741475;1388 Avelina Junction;;New Audreabury;MT;17358-0614;USA
4;KamJacobi;Kam;Jacobi;Kam.Jacobi946@bitsbooks.com;5074403299;93640 Ben Key;Suite 822;West Fabian;GA;17077;USA
5;GarnetRoob;Garnet;Roob;Garnet.Roob371@bitsbooks.com;6023042545;895 Charleen Springs;Apt. 742;O'Konstad;OK;28722;USA
6;MagnoliaSawayn;Magnolia;Sawayn;Magnolia.Sawayn2@bitsbooks.com;8789728622;97277 Savanna Trace;;South Roman;ID;53220;USA
7;DenverSchmitt;Denver;Schmitt;Denver.Schmitt356@bitsbooks.com;8586160198;77567 Remedios Knoll;;Wuckertfurt;OK;02387;USA
8;KyleO'Conner;Kyle;O'Conner;Kyle.O'Conner541@bitsbooks.com;7745169217;8162 Jeanene Street;;South Dominic;NV;31863-4423;USA
9;TerrilynKoch;Terrilyn;Koch;Terrilyn.Koch659@bitsbooks.com;7082277181;19590 Hegmann Extensions;;Trantowton;IA;95079-1148;USA
10;NildaQuigley;Nilda;Quigley;Nilda.Quigley612@bitsbooks.com;4804400505;501 Haag Mission;;Port Yaeko;WV;60360;USA
11;JohnAuer;John;Auer;John.Auer439@yahoo.com;6617240899;8370 Pierre Route;;East Verda;AK;04595;USA
12;LashundaGleason;Lashunda;Gleason;Lashunda.Gleason40@gmail.com;9313212129;53650 Hamill Points;Apt. 575;Jesuschester;IN;53242-0738;USA
13;SterlingYost;Sterling;Yost;Sterling.Yost699@gmail.com;2103058962;70396 Lori Manor;;Heaneyberg;NJ;62343;USA
14;RosinaLakin;Rosina;Lakin;Rosina.Lakin703@gmail.com;3513373758;42451 Effertz Throughway;;Port Timmymouth;WV;40780;USA
15;SonSchimmel;Son;Schimmel;Son.Schimmel756@gmail.com;9719891033;587 Carleen Inlet;;Port Merilyn;MS;61533;USA
16;DaleAnderson;Dale;Anderson;Dale.Anderson770@hotmail.com;7039365952;10884 Hilpert Throughway;;Lynchside;GA;52073;USA
17;JordonConnelly;Jordon;Connelly;Jordon.Connelly188@hotmail.com;6235739155;2767 Dania Loop;;South Dorseyburgh;KS;13614;USA
18;BurtTreutel;Burt;Treutel;Burt.Treutel472@yahoo.com;9126093368;37812 Mendy Shores;;New Lucioview;WY;99485;USA
19;LorenRuecker;Loren;Ruecker;Loren.Ruecker155@hotmail.com;4096512900;18636 Miller Hill;;Beierberg;MT;06654;USA
20;ChungStreich;Chung;Streich;Chung.Streich179@hotmail.com;9363125451;1337 Leannon Crossroad;;North Scottchester;UT;13914;USA
21;SonStanton;Son;Stanton;Son.Stanton781@yahoo.com;4258166126;359 Hammes Trail;;Wizaberg;MD;60680;USA
22;HaileyJerde;Hailey;Jerde;Hailey.Jerde357@gmail.com;4236200989;6690 Otha Brook;;East Mable;GA;67261-8947;USA
23;LawrenceKonopelski;Lawrence;Konopelski;Lawrence.Konopelski210@gmail.com;5075124562;9049 Silvia Knoll;;Andersonville;PA;38046;USA
24;ChanelAnderson;Chanel;Anderson;Chanel.Anderson459@yahoo.com;9016604695;25843 Roberts Wells;;Muiville;OH;56093;USA
25;CorineMetz;Corine;Metz;Corine.Metz153@gmail.com;7195182152;95741 Carmine Meadows;;Brakusshire;FL;69627-1381;USA
26;LeighSatterfield;Leigh;Satterfield;Leigh.Satterfield708@gmail.com;7406038474;933 Connie Fields;;Bartellport;HI;97109-9068;USA
27;FelicaHessel;Felica;Hessel;Felica.Hessel703@hotmail.com;6467039708;8455 Lemke Locks;;North Arnold;ID;51567;USA
28;IsraelJerde;Israel;Jerde;Israel.Jerde464@gmail.com;6099031086;4808 Larson Vista;;New Hope;MN;78726;USA
29;NapoleonHeathcote;Napoleon;Heathcote;Napoleon.Heathcote154@hotmail.com;5639061486;450 Dalene Center;;South Tabathaberg;MD;20515-9976;USA
30;AgnusBeier;Agnus;Beier;Agnus.Beier682@hotmail.com;6266418415;4542 Victor Branch;;Fredview;NC;80889;USA
31;TeganMoore;Tegan;Moore;Tegan.Moore684@gmail.com;2343146718;522 Takako Mountain;;North Myrticeton;NV;10881-1114;USA
32;MoonPollich;Moon;Pollich;Moon.Pollich593@hotmail.com;3177732740;983 Ruecker Unions;Suite 577;Henryton;RI;82626;USA
33;CatrinaMacejkovic;Catrina;Macejkovic;Catrina.Macejkovic349@hotmail.com;5624013479;6870 Weber Row;;Zitatown;MS;73634-1750;USA
34;AltonWillms;Alton;Willms;Alton.Willms814@hotmail.com;3342701835;31728 Danica Point;;Cathieberg;VA;75853;USA
35;MaireHarris;Maire;Harris;Maire.Harris905@gmail.com;8087548662;538 Garry Squares;;Rathfurt;NY;42419;USA
36;ErikKutch;Erik;Kutch;Erik.Kutch10@gmail.com;8567192039;4946 Keneth Canyon;Apt. 146;South Peteview;CO;18893;USA
37;DorcasWilliamson;Dorcas;Williamson;Dorcas.Williamson152@yahoo.com;4177541728;546 Fredericka Knoll;;New Wesley;KY;10509-6871;USA
38;JeffStreich;Jeff;Streich;Jeff.Streich23@yahoo.com;5023379032;120 Wyman Plains;;West Quincy;FL;84252;USA
39;IraidaZieme;Iraida;Zieme;Iraida.Zieme920@yahoo.com;4179898582;799 Cristal Flat;;New Jonelle;MI;41875-9168;USA
40;RolandeDuBuque;Rolande;DuBuque;Rolande.DuBuque182@gmail.com;2709527621;192 Hiedi Tunnel;;Lake Cornelius;NM;23444-7581;USA
41;AnnemarieBartell;Annemarie;Bartell;Annemarie.Bartell425@hotmail.com;2518487453;980 Halvorson Station;;West Obduliabury;TN;29259-4807;USA
42;AllisonNitzsche;Allison;Nitzsche;Allison.Nitzsche786@yahoo.com;7143363728;845 Wendy Plaza;;West Antonio;MO;85763;USA
43;MinhRunte;Minh;Runte;Minh.Runte629@gmail.com;8608159343;66902 Serita Hill;;Ryanville;AR;50749;USA
44;MyMcLaughlin;My;McLaughlin;My.McLaughlin985@yahoo.com;3522128456;870 Schinner Vista;;Romagueramouth;MO;48237;USA
45;RayfordUllrich;Rayford;Ullrich;Rayford.Ullrich332@hotmail.com;9566264607;93776 Gibson Unions;;Bradtkeburgh;OH;33620;USA
46;MauricioRath;Mauricio;Rath;Mauricio.Rath57@gmail.com;8623349914;69939 Ziemann Key;;South Brucehaven;WI;71761-3731;USA
47;TylerMitchell;Tyler;Mitchell;Tyler.Mitchell422@gmail.com;7068058479;386 Maurita Creek;;Olsonton;WY;71136;USA
48;FloyHermiston;Floy;Hermiston;Floy.Hermiston463@gmail.com;5743306543;9906 Marylyn Highway;;Port Reed;RI;20005;USA
49;JudyTorphy;Judy;Torphy;Judy.Torphy443@hotmail.com;2705176374;6182 Jeremy Falls;;Sanfordfurt;IA;68985;USA
50;SterlingMcDermott;Sterling;McDermott;Sterling.McDermott267@yahoo.com;5078066155;3778 Harrison Motorway;;New Flavia;HI;52857;USA
51;TysonHomenick;Tyson;Homenick;Tyson.Homenick621@yahoo.com;9409037708;260 Collin Plaza;;Shiraville;AL;34913-3927;USA
52;VennieBauch;Vennie;Bauch;Vennie.Bauch927@yahoo.com;6417540564;98920 Althea Inlet;;Vidaborough;FL;48733;USA
53;BrentConroy;Brent;Conroy;Brent.Conroy177@hotmail.com;4055648195;492 Elenor Cape;;Port Myron;WY;08998;USA
54;BarbaraOberbrunner;Barbara;Oberbrunner;Barbara.Oberbrunner216@yahoo.com;4695088973;9896 Runolfsson Overpass;;East Jeromy;TX;92085-2818;USA
55;JeannaAbernathy;Jeanna;Abernathy;Jeanna.Abernathy936@hotmail.com;7025615025;82446 Volkman Well;;Eugeniostad;SD;85902;USA
56;WaylonBednar;Waylon;Bednar;Waylon.Bednar405@hotmail.com;9788303928;680 Kimberly Passage;;Easterbury;IA;15435-7783;USA
57;AnnemarieBerge;Annemarie;Berge;Annemarie.Berge521@yahoo.com;6157318044;427 Nitzsche Port;;New Danaside;AK;16153-0535;USA
58;KatiHilpert;Kati;Hilpert;Kati.Hilpert943@yahoo.com;7633470647;956 Jacobson Turnpike;;Olachester;MS;46843-1009;USA
59;ScottieHauck;Scottie;Hauck;Scottie.Hauck231@gmail.com;7813046870;959 Cory Greens;Apt. 735;West Trevorberg;GA;36608;USA
60;DollyTurcotte;Dolly;Turcotte;Dolly.Turcotte179@gmail.com;2318470161;48300 Buckridge Pass;;South Lester;WV;92498-0893;USA
61;JoseBatz;Jose;Batz;Jose.Batz899@hotmail.com;5512675166;9204 Conroy Track;Apt. 407;Hayesbury;VT;41529-4460;USA
62;AkikoSkiles;Akiko;Skiles;Akiko.Skiles272@yahoo.com;8579561267;58657 Tempie Garden;;Goodwinchester;CT;34254;USA
63;BrockAbshire;Brock;Abshire;Brock.Abshire658@hotmail.com;8484133647;90003 Gail Cliff;;Annettechester;AR;07572;USA
64;LonWillms;Lon;Willms;Lon.Willms682@hotmail.com;2392816669;59056 Chance Crossroad;;West Dannaport;WI;04061-5878;USA
65;JesseHaag;Jesse;Haag;Jesse.Haag675@hotmail.com;4194230572;8488 Bayer Fork;;South Mariabury;MA;13284-1067;USA
66;DarrylBogan;Darryl;Bogan;Darryl.Bogan17@hotmail.com;2198030807;935 Beahan Trace;;Lizethshire;FL;61265-6753;USA
67;WilliemaeWiza;Williemae;Wiza;Williemae.Wiza75@gmail.com;8434791227;20100 Karl Green;;Kamalabury;MO;50563;USA
68;ShadKessler;Shad;Kessler;Shad.Kessler789@yahoo.com;6263070967;3580 Lorretta Springs;;Delorseborough;NE;03901-8529;USA
69;BeauBalistreri;Beau;Balistreri;Beau.Balistreri866@hotmail.com;3479403422;350 Gilbert Ports;;Albertaburgh;TN;15622-5567;USA
70;IldaWaelchi;Ilda;Waelchi;Ilda.Waelchi551@yahoo.com;9093216491;871 Reilly Ports;;East Leonorafort;MT;76320-6249;USA
71;FondaSchmitt;Fonda;Schmitt;Fonda.Schmitt501@yahoo.com;2602768483;15481 Volkman Wells;;Melaniaport;IL;97563;USA
72;SherikaWilderman;Sherika;Wilderman;Sherika.Wilderman21@gmail.com;7163866107;269 Bahringer Summit;;West Antonioberg;UT;95701;USA
73;MarcelinoSchmidt;Marcelino;Schmidt;Marcelino.Schmidt977@gmail.com;2287572009;31082 Little Courts;;Gottliebland;DE;84599-3224;USA
74;CruzKunde;Cruz;Kunde;Cruz.Kunde722@gmail.com;5852096175;47527 Rutherford Shore;;East Vern;WI;81837-2447;USA
75;MarisMayer;Maris;Mayer;Maris.Mayer352@yahoo.com;2699093756;1449 Laverne Club;;South Jackville;CO;19263;USA
76;KurtisWelch;Kurtis;Welch;Kurtis.Welch659@yahoo.com;7194783353;6430 Wolf Rue;;Hillsborough;ND;53094;USA
77;RussellHauck;Russell;Hauck;Russell.Hauck311@yahoo.com;7186140766;1749 Cummings Ferry;;Lake Duane;IL;13718;USA
78;NicolasGoyette;Nicolas;Goyette;Nicolas.Goyette199@yahoo.com;4019075166;1060 Rayford Spurs;;Zboncakburgh;LA;33784;USA
79;ArieHagenes;Arie;Hagenes;Arie.Hagenes793@hotmail.com;3012548119;5038 Leslie Corners;;Lavernfurt;NE;93827;USA
80;JarredPollich;Jarred;Pollich;Jarred.Pollich84@gmail.com;7633168913;387 Majorie Highway;;Dickiview;CO;85808;USA
81;TabethaCorwin;Tabetha;Corwin;Tabetha.Corwin532@hotmail.com;9173608373;612 Carmen Junctions;;Effertzberg;VT;01766;USA
82;ArtSchmitt;Art;Schmitt;Art.Schmitt195@yahoo.com;2152315373;28401 Crona Walks;;Port Columbus;OH;11464-5401;USA
83;StanfordSwift;Stanford;Swift;Stanford.Swift324@yahoo.com;3158314327;46533 Randi Isle;;South Alfonsohaven;WA;54657-8297;USA
84;DaniloPrice;Danilo;Price;Danilo.Price608@yahoo.com;9143371576;54597 Weston Walk;;Lake Linoton;MT;05961-1557;USA
85;ThresaCruickshank;Thresa;Cruickshank;Thresa.Cruickshank396@hotmail.com;2167133486;37787 Paucek Overpass;;East Linnieland;HI;83812-9407;USA
86;AnhKassulke;Anh;Kassulke;Anh.Kassulke306@hotmail.com;9894439081;4064 Bartoletti Views;;Manteland;SC;98742;USA
87;CeciliaHoeger;Cecilia;Hoeger;Cecilia.Hoeger791@yahoo.com;8059372268;85861 Herman Plains;;Jeneborough;KS;54348-1392;USA
88;LucioPurdy;Lucio;Purdy;Lucio.Purdy711@hotmail.com;9408322690;5487 Spencer Loop;;New Feliciaton;ME;84307-0050;USA
89;KarlMarvin;Karl;Marvin;Karl.Marvin857@hotmail.com;6075176128;6557 Gottlieb Gateway;;Lake Kimberleemouth;VA;83775;USA
90;KristineBednar;Kristine;Bednar;Kristine.Bednar604@hotmail.com;5205511616;8619 Ardella Circles;;Daniloland;NE;75372-5913;USA
91;AugustaMohr;Augusta;Mohr;Augusta.Mohr765@yahoo.com;3372703487;76616 McGlynn Flat;;Christopherton;IL;76408-4606;USA
92;CoriStanton;Cori;Stanton;Cori.Stanton36@hotmail.com;3057318752;18225 Danika Mill;Suite 428;Morissettebury;TN;63788;USA
93;ChiquitaBuckridge;Chiquita;Buckridge;Chiquita.Buckridge282@hotmail.com;7208130766;195 Manuel Landing;;Irvinton;GA;05845-6064;USA
94;GerriMosciski;Gerri;Mosciski;Gerri.Mosciski627@yahoo.com;6102392071;27612 Reilly Shore;;North Mitsuko;AZ;85506;USA
95;ScotLind;Scot;Lind;Scot.Lind925@hotmail.com;3199040963;4688 Calvin Mills;;South Rickeyborough;MT;40261-6886;USA
96;GradySchimmel;Grady;Schimmel;Grady.Schimmel114@yahoo.com;6145400484;45368 Kirlin Circles;;Angeloport;ME;59638;USA
97;OteliaCarroll;Otelia;Carroll;Otelia.Carroll148@hotmail.com;5516418495;2324 Keeling Roads;;West Hongshire;NH;82286;USA
98;OzellHegmann;Ozell;Hegmann;Ozell.Hegmann839@yahoo.com;3083165320;357 Gottlieb Club;;North Johnsonstad;IN;65405-1065;USA
99;CrystleBlick;Crystle;Blick;Crystle.Blick10@hotmail.com;3084785551;733 Hank Extension;;Port Emeritatown;MD;49375-2797;USA
100;BurtNienow;Burt;Nienow;Burt.Nienow341@yahoo.com;3195109134;2078 Kayce Valleys;;Chadwickbury;OK;54712;USA
101;GeoffreyGrant;Geoffrey;Grant;Geoffrey.Grant839@yahoo.com;9522142354;63491 Swaniawski Extension;;East Renaechester;SD;55339;USA
102;OdellSchimmel;Odell;Schimmel;Odell.Schimmel894@gmail.com;2766309147;465 Eddie Springs;;Port Miki;NC;05016;USA
103;MichalShanahan;Michal;Shanahan;Michal.Shanahan632@hotmail.com;8158480388;2170 Ty Light;;Gleichnerfurt;SC;28106-0497;USA
104;MariluD'Amore;Marilu;D'Amore;Marilu.D'Amore409@gmail.com;5032139653;7001 Jamey Hill;;New Merrill;NM;52301-0267;USA
105;ColumbusKoelpin;Columbus;Koelpin;Columbus.Koelpin886@yahoo.com;4343037574;97336 Milagros Row;;Hungstad;ME;44113-1579;USA
106;KarenHeathcote;Karen;Heathcote;Karen.Heathcote622@hotmail.com;4053474248;3261 Bins Lane;;Gerlachview;NC;85102-4673;USA
107;NicholasGrant;Nicholas;Grant;Nicholas.Grant920@gmail.com;9806155109;4970 Antonio Springs;;Kristinaview;MD;49176-0487;USA
108;ShaunKiehn;Shaun;Kiehn;Shaun.Kiehn218@hotmail.com;5749196481;6820 Reichel Street;;Dickiberg;AL;96542;USA
109;PhyliciaQuigley;Phylicia;Quigley;Phylicia.Quigley929@yahoo.com;5595306048;50385 Francene Highway;;Austintown;RI;30110;USA
110;LethaCormier;Letha;Cormier;Letha.Cormier273@yahoo.com;3209734772;9489 Gutkowski Gateway;;Port Martin;SC;04402-6145;USA
